symbol,datetime,price
TCS,2026-09-01 09:30:00,3800.36
TCS,2026-09-01 10:00:00,3762.97
TCS,2026-09-01 10:30:00,3735.31
TCS,2026-09-01 11:00:00,3731.98
TCS,2026-09-01 11:30:00,3745.82
TCS,2026-09-01 12:00:00,3735.92
TCS,2026-09-01 12:30:00,3713.04
TCS,2026-09-01 13:00:00,3725.4
TCS,2026-09-01 13:30:00,3734.49
TCS,2026-09-01 14:00:00,3747.56
TCS,2026-09-01 14:30:00,3735.37
TCS,2026-09-01 15:00:00,3735.2
TCS,2026-09-01 15:30:00,3759.89
TCS,2026-09-02 09:30:00,3774.13
TCS,2026-09-02 10:00:00,3743.26
TCS,2026-09-02 10:30:00,3728.07
TCS,2026-09-02 11:00:00,3758.4
TCS,2026-09-02 11:30:00,3792.79
TCS,2026-09-02 12:00:00,3756.99
TCS,2026-09-02 12:30:00,3750.51
TCS,2026-09-02 13:00:00,3741.4
TCS,2026-09-02 13:30:00,3748.07
TCS,2026-09-02 14:00:00,3784.62
TCS,2026-09-02 14:30:00,3774.86
TCS,2026-09-02 15:00:00,3793.1
TCS,2026-09-02 15:30:00,3819.43
TCS,2026-09-03 09:30:00,3836.27
TCS,2026-09-03 10:00:00,3833.24
TCS,2026-09-03 10:30:00,3829.19
TCS,2026-09-03 11:00:00,3850.66
TCS,2026-09-03 11:30:00,3846.74
TCS,2026-09-03 12:00:00,3847.93
TCS,2026-09-03 12:30:00,3813.83
TCS,2026-09-03 13:00:00,3800.2
TCS,2026-09-03 13:30:00,3766.07
TCS,2026-09-03 14:00:00,3802.91
TCS,2026-09-03 14:30:00,3792.97
TCS,2026-09-03 15:00:00,3813.31
TCS,2026-09-03 15:30:00,3843.45
TCS,2026-09-04 09:30:00,3820.82
TCS,2026-09-04 10:00:00,3828.9
TCS,2026-09-04 10:30:00,3855.33
TCS,2026-09-04 11:00:00,3880.93
TCS,2026-09-04 11:30:00,3882.89
TCS,2026-09-04 12:00:00,3897.74
TCS,2026-09-04 12:30:00,3913.42
TCS,2026-09-04 13:00:00,3946.64
TCS,2026-09-04 13:30:00,3923.85
TCS,2026-09-04 14:00:00,3936.98
TCS,2026-09-04 14:30:00,3940.59
TCS,2026-09-04 15:00:00,3908.45
TCS,2026-09-04 15:30:00,3928.68
TCS,2026-09-07 09:30:00,3947.14
TCS,2026-09-07 10:00:00,3941.84
TCS,2026-09-07 10:30:00,3961.86
TCS,2026-09-07 11:00:00,3933.59
TCS,2026-09-07 11:30:00,3969.63
TCS,2026-09-07 12:00:00,4005.64
TCS,2026-09-07 12:30:00,4042.06
TCS,2026-09-07 13:00:00,4002.13
TCS,2026-09-07 13:30:00,3989.06
TCS,2026-09-07 14:00:00,3983.59
TCS,2026-09-07 14:30:00,3961.56
TCS,2026-09-07 15:00:00,3931.59
TCS,2026-09-07 15:30:00,3951.85
TCS,2026-09-08 09:30:00,3988.05
TCS,2026-09-08 10:00:00,4000.46
TCS,2026-09-08 10:30:00,3963.29
TCS,2026-09-08 11:00:00,3937.04
TCS,2026-09-08 11:30:00,3949.11
TCS,2026-09-08 12:00:00,3981.18
TCS,2026-09-08 12:30:00,3972.71
TCS,2026-09-08 13:00:00,3984.98
TCS,2026-09-08 13:30:00,4016.6
TCS,2026-09-08 14:00:00,4052.68
TCS,2026-09-08 14:30:00,4026.3
TCS,2026-09-08 15:00:00,4059.11
TCS,2026-09-08 15:30:00,4045.38
TCS,2026-09-09 09:30:00,4053.74
TCS,2026-09-09 10:00:00,4057.54
TCS,2026-09-09 10:30:00,4068.21
TCS,2026-09-09 11:00:00,4066.36
TCS,2026-09-09 11:30:00,4064.66
TCS,2026-09-09 12:00:00,4076.06
TCS,2026-09-09 12:30:00,4060.51
TCS,2026-09-09 13:00:00,4097.59
TCS,2026-09-09 13:30:00,4113.63
TCS,2026-09-09 14:00:00,4152.55
TCS,2026-09-09 14:30:00,4131.99
TCS,2026-09-09 15:00:00,4144.91
TCS,2026-09-09 15:30:00,4132.38
TCS,2026-09-10 09:30:00,4167.24
TCS,2026-09-10 10:00:00,4141.84
TCS,2026-09-10 10:30:00,4161.31
TCS,2026-09-10 11:00:00,4147.09
TCS,2026-09-10 11:30:00,4149.89
TCS,2026-09-10 12:00:00,4180.78
TCS,2026-09-10 12:30:00,4156.12
TCS,2026-09-10 13:00:00,4155.88
TCS,2026-09-10 13:30:00,4121.67
TCS,2026-09-10 14:00:00,4128.49
TCS,2026-09-10 14:30:00,4163.97
TCS,2026-09-10 15:00:00,4143.32
TCS,2026-09-10 15:30:00,4104.07
TCS,2026-09-11 09:30:00,4121.56
TCS,2026-09-11 10:00:00,4090.0
TCS,2026-09-11 10:30:00,4078.84
TCS,2026-09-11 11:00:00,4103.67
TCS,2026-09-11 11:30:00,4093.19
TCS,2026-09-11 12:00:00,4065.83
TCS,2026-09-11 12:30:00,4103.4
TCS,2026-09-11 13:00:00,4080.06
TCS,2026-09-11 13:30:00,4097.03
TCS,2026-09-11 14:00:00,4101.36
TCS,2026-09-11 14:30:00,4141.79
TCS,2026-09-11 15:00:00,4137.62
TCS,2026-09-11 15:30:00,4111.58
TCS,2026-09-14 09:30:00,4081.89
TCS,2026-09-14 10:00:00,4047.98
TCS,2026-09-14 10:30:00,4062.05
TCS,2026-09-14 11:00:00,4091.18
TCS,2026-09-14 11:30:00,4062.09
TCS,2026-09-14 12:00:00,4090.93
TCS,2026-09-14 12:30:00,4072.73
TCS,2026-09-14 13:00:00,4053.28
TCS,2026-09-14 13:30:00,4057.11
TCS,2026-09-14 14:00:00,4092.96
TCS,2026-09-14 14:30:00,4121.34
TCS,2026-09-14 15:00:00,4105.82
TCS,2026-09-14 15:30:00,4142.13
TCS,2026-09-15 09:30:00,4138.3
TCS,2026-09-15 10:00:00,4110.41
TCS,2026-09-15 10:30:00,4119.94
TCS,2026-09-15 11:00:00,4126.64
TCS,2026-09-15 11:30:00,4123.39
TCS,2026-09-15 12:00:00,4147.89
TCS,2026-09-15 12:30:00,4167.31
TCS,2026-09-15 13:00:00,4195.34
TCS,2026-09-15 13:30:00,4161.99
TCS,2026-09-15 14:00:00,4137.7
TCS,2026-09-15 14:30:00,4107.24
TCS,2026-09-15 15:00:00,4124.43
TCS,2026-09-15 15:30:00,4145.17
TCS,2026-09-16 09:30:00,4120.68
TCS,2026-09-16 10:00:00,4112.91
TCS,2026-09-16 10:30:00,4106.4
TCS,2026-09-16 11:00:00,4081.89
TCS,2026-09-16 11:30:00,4109.05
TCS,2026-09-16 12:00:00,4108.12
TCS,2026-09-16 12:30:00,4100.72
TCS,2026-09-16 13:00:00,4102.98
TCS,2026-09-16 13:30:00,4073.0
TCS,2026-09-16 14:00:00,4081.32
TCS,2026-09-16 14:30:00,4074.25
TCS,2026-09-16 15:00:00,4058.49
TCS,2026-09-16 15:30:00,4041.73
INFY,2026-09-01 09:30:00,1507.94
INFY,2026-09-01 10:00:00,1501.74
INFY,2026-09-01 10:30:00,1505.29
INFY,2026-09-01 11:00:00,1519.76
INFY,2026-09-01 11:30:00,1507.86
INFY,2026-09-01 12:00:00,1506.81
INFY,2026-09-01 12:30:00,1498.27
INFY,2026-09-01 13:00:00,1491.0
INFY,2026-09-01 13:30:00,1501.57
INFY,2026-09-01 14:00:00,1512.74
INFY,2026-09-01 14:30:00,1514.87
INFY,2026-09-01 15:00:00,1513.73
INFY,2026-09-01 15:30:00,1525.76
INFY,2026-09-02 09:30:00,1519.04
INFY,2026-09-02 10:00:00,1514.81
INFY,2026-09-02 10:30:00,1507.07
INFY,2026-09-02 11:00:00,1507.65
INFY,2026-09-02 11:30:00,1513.64
INFY,2026-09-02 12:00:00,1505.35
INFY,2026-09-02 12:30:00,1519.21
INFY,2026-09-02 13:00:00,1509.65
INFY,2026-09-02 13:30:00,1509.15
INFY,2026-09-02 14:00:00,1497.33
INFY,2026-09-02 14:30:00,1500.65
INFY,2026-09-02 15:00:00,1502.03
INFY,2026-09-02 15:30:00,1514.81
INFY,2026-09-03 09:30:00,1503.19
INFY,2026-09-03 10:00:00,1512.0
INFY,2026-09-03 10:30:00,1509.55
INFY,2026-09-03 11:00:00,1504.79
INFY,2026-09-03 11:30:00,1492.52
INFY,2026-09-03 12:00:00,1496.54
INFY,2026-09-03 12:30:00,1494.24
INFY,2026-09-03 13:00:00,1497.63
INFY,2026-09-03 13:30:00,1507.69
INFY,2026-09-03 14:00:00,1513.25
INFY,2026-09-03 14:30:00,1519.51
INFY,2026-09-03 15:00:00,1521.09
INFY,2026-09-03 15:30:00,1534.67
INFY,2026-09-04 09:30:00,1528.53
INFY,2026-09-04 10:00:00,1520.94
INFY,2026-09-04 10:30:00,1512.0
INFY,2026-09-04 11:00:00,1509.46
INFY,2026-09-04 11:30:00,1520.63
INFY,2026-09-04 12:00:00,1510.4
INFY,2026-09-04 12:30:00,1497.69
INFY,2026-09-04 13:00:00,1502.15
INFY,2026-09-04 13:30:00,1503.63
INFY,2026-09-04 14:00:00,1505.97
INFY,2026-09-04 14:30:00,1498.08
INFY,2026-09-04 15:00:00,1494.37
INFY,2026-09-04 15:30:00,1499.49
INFY,2026-09-07 09:30:00,1504.02
INFY,2026-09-07 10:00:00,1503.61
INFY,2026-09-07 10:30:00,1511.52
INFY,2026-09-07 11:00:00,1504.7
INFY,2026-09-07 11:30:00,1514.37
INFY,2026-09-07 12:00:00,1505.7
INFY,2026-09-07 12:30:00,1506.07
INFY,2026-09-07 13:00:00,1494.18
INFY,2026-09-07 13:30:00,1500.28
INFY,2026-09-07 14:00:00,1508.4
INFY,2026-09-07 14:30:00,1522.4
INFY,2026-09-07 15:00:00,1525.72
INFY,2026-09-07 15:30:00,1540.42
INFY,2026-09-08 09:30:00,1550.44
INFY,2026-09-08 10:00:00,1559.98
INFY,2026-09-08 10:30:00,1554.5
INFY,2026-09-08 11:00:00,1553.25
INFY,2026-09-08 11:30:00,1545.85
INFY,2026-09-08 12:00:00,1538.06
INFY,2026-09-08 12:30:00,1541.99
INFY,2026-09-08 13:00:00,1534.42
INFY,2026-09-08 13:30:00,1537.79
INFY,2026-09-08 14:00:00,1532.21
INFY,2026-09-08 14:30:00,1543.63
INFY,2026-09-08 15:00:00,1553.73
INFY,2026-09-08 15:30:00,1560.31
INFY,2026-09-09 09:30:00,1567.79
INFY,2026-09-09 10:00:00,1557.87
INFY,2026-09-09 10:30:00,1558.86
INFY,2026-09-09 11:00:00,1563.09
INFY,2026-09-09 11:30:00,1553.95
INFY,2026-09-09 12:00:00,1558.71
INFY,2026-09-09 12:30:00,1562.76
INFY,2026-09-09 13:00:00,1551.59
INFY,2026-09-09 13:30:00,1556.6
INFY,2026-09-09 14:00:00,1571.8
INFY,2026-09-09 14:30:00,1580.66
INFY,2026-09-09 15:00:00,1584.05
INFY,2026-09-09 15:30:00,1576.29
INFY,2026-09-10 09:30:00,1572.44
INFY,2026-09-10 10:00:00,1583.3
INFY,2026-09-10 10:30:00,1585.69
INFY,2026-09-10 11:00:00,1598.31
INFY,2026-09-10 11:30:00,1613.25
INFY,2026-09-10 12:00:00,1626.91
INFY,2026-09-10 12:30:00,1630.37
INFY,2026-09-10 13:00:00,1630.44
INFY,2026-09-10 13:30:00,1616.84
INFY,2026-09-10 14:00:00,1624.09
INFY,2026-09-10 14:30:00,1637.2
INFY,2026-09-10 15:00:00,1624.21
INFY,2026-09-10 15:30:00,1621.68
INFY,2026-09-11 09:30:00,1637.5
INFY,2026-09-11 10:00:00,1640.36
INFY,2026-09-11 10:30:00,1632.8
INFY,2026-09-11 11:00:00,1645.04
INFY,2026-09-11 11:30:00,1629.46
INFY,2026-09-11 12:00:00,1631.03
INFY,2026-09-11 12:30:00,1624.72
INFY,2026-09-11 13:00:00,1608.92
INFY,2026-09-11 13:30:00,1597.45
INFY,2026-09-11 14:00:00,1586.51
INFY,2026-09-11 14:30:00,1578.58
INFY,2026-09-11 15:00:00,1594.28
INFY,2026-09-11 15:30:00,1578.71
INFY,2026-09-14 09:30:00,1587.28
INFY,2026-09-14 10:00:00,1599.59
INFY,2026-09-14 10:30:00,1593.97
INFY,2026-09-14 11:00:00,1586.33
INFY,2026-09-14 11:30:00,1590.68
INFY,2026-09-14 12:00:00,1586.16
INFY,2026-09-14 12:30:00,1588.21
INFY,2026-09-14 13:00:00,1582.52
INFY,2026-09-14 13:30:00,1577.51
INFY,2026-09-14 14:00:00,1587.24
INFY,2026-09-14 14:30:00,1586.12
INFY,2026-09-14 15:00:00,1598.74
INFY,2026-09-14 15:30:00,1599.92
INFY,2026-09-15 09:30:00,1590.61
INFY,2026-09-15 10:00:00,1577.93
INFY,2026-09-15 10:30:00,1567.9
INFY,2026-09-15 11:00:00,1580.88
INFY,2026-09-15 11:30:00,1573.65
INFY,2026-09-15 12:00:00,1560.59
INFY,2026-09-15 12:30:00,1563.08
INFY,2026-09-15 13:00:00,1566.03
INFY,2026-09-15 13:30:00,1551.64
INFY,2026-09-15 14:00:00,1547.12
INFY,2026-09-15 14:30:00,1555.42
INFY,2026-09-15 15:00:00,1540.98
INFY,2026-09-15 15:30:00,1539.84
INFY,2026-09-16 09:30:00,1524.69
INFY,2026-09-16 10:00:00,1530.72
INFY,2026-09-16 10:30:00,1522.08
INFY,2026-09-16 11:00:00,1524.33
INFY,2026-09-16 11:30:00,1514.48
INFY,2026-09-16 12:00:00,1505.52
INFY,2026-09-16 12:30:00,1503.74
INFY,2026-09-16 13:00:00,1509.87
INFY,2026-09-16 13:30:00,1497.08
INFY,2026-09-16 14:00:00,1488.36
INFY,2026-09-16 14:30:00,1486.75
INFY,2026-09-16 15:00:00,1490.85
INFY,2026-09-16 15:30:00,1492.63
RELIANCE,2026-09-01 09:30:00,2926.31
RELIANCE,2026-09-01 10:00:00,2908.33
RELIANCE,2026-09-01 10:30:00,2932.09
RELIANCE,2026-09-01 11:00:00,2937.22
RELIANCE,2026-09-01 11:30:00,2923.93
RELIANCE,2026-09-01 12:00:00,2905.52
RELIANCE,2026-09-01 12:30:00,2892.23
RELIANCE,2026-09-01 13:00:00,2906.36
RELIANCE,2026-09-01 13:30:00,2901.31
RELIANCE,2026-09-01 14:00:00,2901.41
RELIANCE,2026-09-01 14:30:00,2874.67
RELIANCE,2026-09-01 15:00:00,2890.61
RELIANCE,2026-09-01 15:30:00,2917.01
RELIANCE,2026-09-02 09:30:00,2926.53
RELIANCE,2026-09-02 10:00:00,2923.71
RELIANCE,2026-09-02 10:30:00,2904.42
RELIANCE,2026-09-02 11:00:00,2891.89
RELIANCE,2026-09-02 11:30:00,2889.23
RELIANCE,2026-09-02 12:00:00,2860.99
RELIANCE,2026-09-02 12:30:00,2833.52
RELIANCE,2026-09-02 13:00:00,2823.82
RELIANCE,2026-09-02 13:30:00,2845.35
RELIANCE,2026-09-02 14:00:00,2838.0
RELIANCE,2026-09-02 14:30:00,2824.48
RELIANCE,2026-09-02 15:00:00,2844.62
RELIANCE,2026-09-02 15:30:00,2823.57
RELIANCE,2026-09-03 09:30:00,2801.52
RELIANCE,2026-09-03 10:00:00,2797.87
RELIANCE,2026-09-03 10:30:00,2801.18
RELIANCE,2026-09-03 11:00:00,2788.49
RELIANCE,2026-09-03 11:30:00,2793.01
RELIANCE,2026-09-03 12:00:00,2805.38
RELIANCE,2026-09-03 12:30:00,2805.4
RELIANCE,2026-09-03 13:00:00,2827.07
RELIANCE,2026-09-03 13:30:00,2829.82
RELIANCE,2026-09-03 14:00:00,2849.08
RELIANCE,2026-09-03 14:30:00,2863.37
RELIANCE,2026-09-03 15:00:00,2857.22
RELIANCE,2026-09-03 15:30:00,2855.19
RELIANCE,2026-09-04 09:30:00,2829.31
RELIANCE,2026-09-04 10:00:00,2853.59
RELIANCE,2026-09-04 10:30:00,2845.02
RELIANCE,2026-09-04 11:00:00,2819.61
RELIANCE,2026-09-04 11:30:00,2842.39
RELIANCE,2026-09-04 12:00:00,2850.71
RELIANCE,2026-09-04 12:30:00,2832.78
RELIANCE,2026-09-04 13:00:00,2828.37
RELIANCE,2026-09-04 13:30:00,2831.07
RELIANCE,2026-09-04 14:00:00,2826.17
RELIANCE,2026-09-04 14:30:00,2849.23
RELIANCE,2026-09-04 15:00:00,2833.4
RELIANCE,2026-09-04 15:30:00,2817.8
RELIANCE,2026-09-07 09:30:00,2821.26
RELIANCE,2026-09-07 10:00:00,2835.87
RELIANCE,2026-09-07 10:30:00,2809.03
RELIANCE,2026-09-07 11:00:00,2804.86
RELIANCE,2026-09-07 11:30:00,2798.18
RELIANCE,2026-09-07 12:00:00,2776.66
RELIANCE,2026-09-07 12:30:00,2760.08
RELIANCE,2026-09-07 13:00:00,2771.85
RELIANCE,2026-09-07 13:30:00,2748.99
RELIANCE,2026-09-07 14:00:00,2724.6
RELIANCE,2026-09-07 14:30:00,2741.27
RELIANCE,2026-09-07 15:00:00,2767.34
RELIANCE,2026-09-07 15:30:00,2774.89
RELIANCE,2026-09-08 09:30:00,2796.65
RELIANCE,2026-09-08 10:00:00,2798.02
RELIANCE,2026-09-08 10:30:00,2804.07
RELIANCE,2026-09-08 11:00:00,2783.84
RELIANCE,2026-09-08 11:30:00,2810.32
RELIANCE,2026-09-08 12:00:00,2791.81
RELIANCE,2026-09-08 12:30:00,2806.44
RELIANCE,2026-09-08 13:00:00,2812.39
RELIANCE,2026-09-08 13:30:00,2791.66
RELIANCE,2026-09-08 14:00:00,2796.48
RELIANCE,2026-09-08 14:30:00,2786.06
RELIANCE,2026-09-08 15:00:00,2789.16
RELIANCE,2026-09-08 15:30:00,2783.6
RELIANCE,2026-09-09 09:30:00,2789.0
RELIANCE,2026-09-09 10:00:00,2798.51
RELIANCE,2026-09-09 10:30:00,2772.33
RELIANCE,2026-09-09 11:00:00,2794.61
RELIANCE,2026-09-09 11:30:00,2782.72
RELIANCE,2026-09-09 12:00:00,2779.13
RELIANCE,2026-09-09 12:30:00,2787.84
RELIANCE,2026-09-09 13:00:00,2763.79
RELIANCE,2026-09-09 13:30:00,2787.94
RELIANCE,2026-09-09 14:00:00,2762.12
RELIANCE,2026-09-09 14:30:00,2777.49
RELIANCE,2026-09-09 15:00:00,2756.81
RELIANCE,2026-09-09 15:30:00,2754.44
RELIANCE,2026-09-10 09:30:00,2766.01
RELIANCE,2026-09-10 10:00:00,2765.55
RELIANCE,2026-09-10 10:30:00,2758.91
RELIANCE,2026-09-10 11:00:00,2770.87
RELIANCE,2026-09-10 11:30:00,2764.79
RELIANCE,2026-09-10 12:00:00,2775.5
RELIANCE,2026-09-10 12:30:00,2796.08
RELIANCE,2026-09-10 13:00:00,2774.39
RELIANCE,2026-09-10 13:30:00,2777.27
RELIANCE,2026-09-10 14:00:00,2754.5
RELIANCE,2026-09-10 14:30:00,2748.64
RELIANCE,2026-09-10 15:00:00,2770.18
RELIANCE,2026-09-10 15:30:00,2767.47
RELIANCE,2026-09-11 09:30:00,2748.45
RELIANCE,2026-09-11 10:00:00,2724.89
RELIANCE,2026-09-11 10:30:00,2698.76
RELIANCE,2026-09-11 11:00:00,2701.48
RELIANCE,2026-09-11 11:30:00,2715.83
RELIANCE,2026-09-11 12:00:00,2713.09
RELIANCE,2026-09-11 12:30:00,2710.22
RELIANCE,2026-09-11 13:00:00,2722.37
RELIANCE,2026-09-11 13:30:00,2737.36
RELIANCE,2026-09-11 14:00:00,2722.83
RELIANCE,2026-09-11 14:30:00,2718.87
RELIANCE,2026-09-11 15:00:00,2696.78
RELIANCE,2026-09-11 15:30:00,2700.3
RELIANCE,2026-09-14 09:30:00,2723.88
RELIANCE,2026-09-14 10:00:00,2736.46
RELIANCE,2026-09-14 10:30:00,2716.76
RELIANCE,2026-09-14 11:00:00,2696.44
RELIANCE,2026-09-14 11:30:00,2697.05
RELIANCE,2026-09-14 12:00:00,2678.45
RELIANCE,2026-09-14 12:30:00,2694.39
RELIANCE,2026-09-14 13:00:00,2720.73
RELIANCE,2026-09-14 13:30:00,2703.81
RELIANCE,2026-09-14 14:00:00,2684.92
RELIANCE,2026-09-14 14:30:00,2670.85
RELIANCE,2026-09-14 15:00:00,2696.88
RELIANCE,2026-09-14 15:30:00,2717.97
RELIANCE,2026-09-15 09:30:00,2744.18
RELIANCE,2026-09-15 10:00:00,2761.56
RELIANCE,2026-09-15 10:30:00,2760.47
RELIANCE,2026-09-15 11:00:00,2751.26
RELIANCE,2026-09-15 11:30:00,2733.44
RELIANCE,2026-09-15 12:00:00,2758.71
RELIANCE,2026-09-15 12:30:00,2741.99
RELIANCE,2026-09-15 13:00:00,2748.77
RELIANCE,2026-09-15 13:30:00,2761.06
RELIANCE,2026-09-15 14:00:00,2742.87
RELIANCE,2026-09-15 14:30:00,2746.87
RELIANCE,2026-09-15 15:00:00,2724.39
RELIANCE,2026-09-15 15:30:00,2744.33
RELIANCE,2026-09-16 09:30:00,2751.92
RELIANCE,2026-09-16 10:00:00,2726.81
RELIANCE,2026-09-16 10:30:00,2737.57
RELIANCE,2026-09-16 11:00:00,2748.39
RELIANCE,2026-09-16 11:30:00,2751.59
RELIANCE,2026-09-16 12:00:00,2777.22
RELIANCE,2026-09-16 12:30:00,2801.65
RELIANCE,2026-09-16 13:00:00,2784.91
RELIANCE,2026-09-16 13:30:00,2761.93
RELIANCE,2026-09-16 14:00:00,2784.98
RELIANCE,2026-09-16 14:30:00,2799.12
RELIANCE,2026-09-16 15:00:00,2791.04
RELIANCE,2026-09-16 15:30:00,2800.66
HDFCBANK,2026-09-01 09:30:00,1615.41
HDFCBANK,2026-09-01 10:00:00,1616.87
HDFCBANK,2026-09-01 10:30:00,1624.46
HDFCBANK,2026-09-01 11:00:00,1626.12
HDFCBANK,2026-09-01 11:30:00,1623.03
HDFCBANK,2026-09-01 12:00:00,1632.43
HDFCBANK,2026-09-01 12:30:00,1639.72
HDFCBANK,2026-09-01 13:00:00,1632.5
HDFCBANK,2026-09-01 13:30:00,1620.73
HDFCBANK,2026-09-01 14:00:00,1624.34
HDFCBANK,2026-09-01 14:30:00,1611.25
HDFCBANK,2026-09-01 15:00:00,1625.71
HDFCBANK,2026-09-01 15:30:00,1618.3
HDFCBANK,2026-09-02 09:30:00,1615.74
HDFCBANK,2026-09-02 10:00:00,1630.81
HDFCBANK,2026-09-02 10:30:00,1615.67
HDFCBANK,2026-09-02 11:00:00,1625.3
HDFCBANK,2026-09-02 11:30:00,1613.35
HDFCBANK,2026-09-02 12:00:00,1629.24
HDFCBANK,2026-09-02 12:30:00,1630.6
HDFCBANK,2026-09-02 13:00:00,1634.22
HDFCBANK,2026-09-02 13:30:00,1650.41
HDFCBANK,2026-09-02 14:00:00,1642.03
HDFCBANK,2026-09-02 14:30:00,1647.04
HDFCBANK,2026-09-02 15:00:00,1640.01
HDFCBANK,2026-09-02 15:30:00,1637.39
HDFCBANK,2026-09-03 09:30:00,1630.49
HDFCBANK,2026-09-03 10:00:00,1646.09
HDFCBANK,2026-09-03 10:30:00,1654.92
HDFCBANK,2026-09-03 11:00:00,1659.01
HDFCBANK,2026-09-03 11:30:00,1667.71
HDFCBANK,2026-09-03 12:00:00,1660.48
HDFCBANK,2026-09-03 12:30:00,1647.6
HDFCBANK,2026-09-03 13:00:00,1632.68
HDFCBANK,2026-09-03 13:30:00,1636.47
HDFCBANK,2026-09-03 14:00:00,1630.47
HDFCBANK,2026-09-03 14:30:00,1618.24
HDFCBANK,2026-09-03 15:00:00,1631.72
HDFCBANK,2026-09-03 15:30:00,1625.22
HDFCBANK,2026-09-04 09:30:00,1622.23
HDFCBANK,2026-09-04 10:00:00,1628.07
HDFCBANK,2026-09-04 10:30:00,1637.84
HDFCBANK,2026-09-04 11:00:00,1635.44
HDFCBANK,2026-09-04 11:30:00,1628.42
HDFCBANK,2026-09-04 12:00:00,1620.48
HDFCBANK,2026-09-04 12:30:00,1622.42
HDFCBANK,2026-09-04 13:00:00,1628.61
HDFCBANK,2026-09-04 13:30:00,1628.64
HDFCBANK,2026-09-04 14:00:00,1621.6
HDFCBANK,2026-09-04 14:30:00,1632.49
HDFCBANK,2026-09-04 15:00:00,1619.16
HDFCBANK,2026-09-04 15:30:00,1605.31
HDFCBANK,2026-09-07 09:30:00,1612.11
HDFCBANK,2026-09-07 10:00:00,1624.64
HDFCBANK,2026-09-07 10:30:00,1615.29
HDFCBANK,2026-09-07 11:00:00,1626.07
HDFCBANK,2026-09-07 11:30:00,1632.59
HDFCBANK,2026-09-07 12:00:00,1646.01
HDFCBANK,2026-09-07 12:30:00,1632.59
HDFCBANK,2026-09-07 13:00:00,1616.91
HDFCBANK,2026-09-07 13:30:00,1602.13
HDFCBANK,2026-09-07 14:00:00,1587.49
HDFCBANK,2026-09-07 14:30:00,1573.74
HDFCBANK,2026-09-07 15:00:00,1572.92
HDFCBANK,2026-09-07 15:30:00,1585.62
HDFCBANK,2026-09-08 09:30:00,1600.82
HDFCBANK,2026-09-08 10:00:00,1585.57
HDFCBANK,2026-09-08 10:30:00,1581.58
HDFCBANK,2026-09-08 11:00:00,1592.71
HDFCBANK,2026-09-08 11:30:00,1577.1
HDFCBANK,2026-09-08 12:00:00,1573.24
HDFCBANK,2026-09-08 12:30:00,1573.2
HDFCBANK,2026-09-08 13:00:00,1563.79
HDFCBANK,2026-09-08 13:30:00,1566.92
HDFCBANK,2026-09-08 14:00:00,1557.77
HDFCBANK,2026-09-08 14:30:00,1569.34
HDFCBANK,2026-09-08 15:00:00,1557.49
HDFCBANK,2026-09-08 15:30:00,1566.19
HDFCBANK,2026-09-09 09:30:00,1581.31
HDFCBANK,2026-09-09 10:00:00,1578.2
HDFCBANK,2026-09-09 10:30:00,1579.31
HDFCBANK,2026-09-09 11:00:00,1576.9
HDFCBANK,2026-09-09 11:30:00,1588.24
HDFCBANK,2026-09-09 12:00:00,1596.61
HDFCBANK,2026-09-09 12:30:00,1609.39
HDFCBANK,2026-09-09 13:00:00,1606.18
HDFCBANK,2026-09-09 13:30:00,1598.59
HDFCBANK,2026-09-09 14:00:00,1601.09
HDFCBANK,2026-09-09 14:30:00,1609.8
HDFCBANK,2026-09-09 15:00:00,1606.62
HDFCBANK,2026-09-09 15:30:00,1608.49
HDFCBANK,2026-09-10 09:30:00,1595.42
HDFCBANK,2026-09-10 10:00:00,1584.84
HDFCBANK,2026-09-10 10:30:00,1597.13
HDFCBANK,2026-09-10 11:00:00,1600.45
HDFCBANK,2026-09-10 11:30:00,1615.69
HDFCBANK,2026-09-10 12:00:00,1615.9
HDFCBANK,2026-09-10 12:30:00,1607.65
HDFCBANK,2026-09-10 13:00:00,1605.59
HDFCBANK,2026-09-10 13:30:00,1598.37
HDFCBANK,2026-09-10 14:00:00,1600.63
HDFCBANK,2026-09-10 14:30:00,1606.0
HDFCBANK,2026-09-10 15:00:00,1610.07
HDFCBANK,2026-09-10 15:30:00,1595.79
HDFCBANK,2026-09-11 09:30:00,1583.56
HDFCBANK,2026-09-11 10:00:00,1597.32
HDFCBANK,2026-09-11 10:30:00,1597.25
HDFCBANK,2026-09-11 11:00:00,1610.01
HDFCBANK,2026-09-11 11:30:00,1624.17
HDFCBANK,2026-09-11 12:00:00,1636.93
HDFCBANK,2026-09-11 12:30:00,1636.69
HDFCBANK,2026-09-11 13:00:00,1636.41
HDFCBANK,2026-09-11 13:30:00,1630.33
HDFCBANK,2026-09-11 14:00:00,1626.16
HDFCBANK,2026-09-11 14:30:00,1619.31
HDFCBANK,2026-09-11 15:00:00,1614.02
HDFCBANK,2026-09-11 15:30:00,1609.06
HDFCBANK,2026-09-14 09:30:00,1624.88
HDFCBANK,2026-09-14 10:00:00,1633.45
HDFCBANK,2026-09-14 10:30:00,1629.47
HDFCBANK,2026-09-14 11:00:00,1645.25
HDFCBANK,2026-09-14 11:30:00,1631.22
HDFCBANK,2026-09-14 12:00:00,1623.26
HDFCBANK,2026-09-14 12:30:00,1609.82
HDFCBANK,2026-09-14 13:00:00,1607.65
HDFCBANK,2026-09-14 13:30:00,1614.98
HDFCBANK,2026-09-14 14:00:00,1625.51
HDFCBANK,2026-09-14 14:30:00,1632.17
HDFCBANK,2026-09-14 15:00:00,1623.66
HDFCBANK,2026-09-14 15:30:00,1633.85
HDFCBANK,2026-09-15 09:30:00,1637.71
HDFCBANK,2026-09-15 10:00:00,1639.76
HDFCBANK,2026-09-15 10:30:00,1654.98
HDFCBANK,2026-09-15 11:00:00,1654.75
HDFCBANK,2026-09-15 11:30:00,1660.42
HDFCBANK,2026-09-15 12:00:00,1648.63
HDFCBANK,2026-09-15 12:30:00,1661.59
HDFCBANK,2026-09-15 13:00:00,1652.1
HDFCBANK,2026-09-15 13:30:00,1639.32
HDFCBANK,2026-09-15 14:00:00,1624.7
HDFCBANK,2026-09-15 14:30:00,1615.34
HDFCBANK,2026-09-15 15:00:00,1612.1
HDFCBANK,2026-09-15 15:30:00,1615.96
HDFCBANK,2026-09-16 09:30:00,1620.97
HDFCBANK,2026-09-16 10:00:00,1625.22
HDFCBANK,2026-09-16 10:30:00,1629.23
HDFCBANK,2026-09-16 11:00:00,1635.75
HDFCBANK,2026-09-16 11:30:00,1639.97
HDFCBANK,2026-09-16 12:00:00,1646.95
HDFCBANK,2026-09-16 12:30:00,1645.7
HDFCBANK,2026-09-16 13:00:00,1637.98
HDFCBANK,2026-09-16 13:30:00,1646.38
HDFCBANK,2026-09-16 14:00:00,1645.18
HDFCBANK,2026-09-16 14:30:00,1656.39
HDFCBANK,2026-09-16 15:00:00,1653.22
HDFCBANK,2026-09-16 15:30:00,1656.11
ICICIBANK,2026-09-01 09:30:00,1104.23
ICICIBANK,2026-09-01 10:00:00,1114.89
ICICIBANK,2026-09-01 10:30:00,1120.02
ICICIBANK,2026-09-01 11:00:00,1129.32
ICICIBANK,2026-09-01 11:30:00,1138.66
ICICIBANK,2026-09-01 12:00:00,1141.51
ICICIBANK,2026-09-01 12:30:00,1148.23
ICICIBANK,2026-09-01 13:00:00,1156.59
ICICIBANK,2026-09-01 13:30:00,1157.95
ICICIBANK,2026-09-01 14:00:00,1153.8
ICICIBANK,2026-09-01 14:30:00,1144.05
ICICIBANK,2026-09-01 15:00:00,1147.92
ICICIBANK,2026-09-01 15:30:00,1145.16
ICICIBANK,2026-09-02 09:30:00,1154.14
ICICIBANK,2026-09-02 10:00:00,1155.8
ICICIBANK,2026-09-02 10:30:00,1166.21
ICICIBANK,2026-09-02 11:00:00,1163.77
ICICIBANK,2026-09-02 11:30:00,1159.34
ICICIBANK,2026-09-02 12:00:00,1154.25
ICICIBANK,2026-09-02 12:30:00,1152.99
ICICIBANK,2026-09-02 13:00:00,1150.84
ICICIBANK,2026-09-02 13:30:00,1148.69
ICICIBANK,2026-09-02 14:00:00,1157.05
ICICIBANK,2026-09-02 14:30:00,1168.58
ICICIBANK,2026-09-02 15:00:00,1157.14
ICICIBANK,2026-09-02 15:30:00,1162.79
ICICIBANK,2026-09-03 09:30:00,1151.4
ICICIBANK,2026-09-03 10:00:00,1153.82
ICICIBANK,2026-09-03 10:30:00,1153.36
ICICIBANK,2026-09-03 11:00:00,1163.63
ICICIBANK,2026-09-03 11:30:00,1153.72
ICICIBANK,2026-09-03 12:00:00,1150.76
ICICIBANK,2026-09-03 12:30:00,1161.08
ICICIBANK,2026-09-03 13:00:00,1151.27
ICICIBANK,2026-09-03 13:30:00,1144.0
ICICIBANK,2026-09-03 14:00:00,1155.02
ICICIBANK,2026-09-03 14:30:00,1156.47
ICICIBANK,2026-09-03 15:00:00,1164.69
ICICIBANK,2026-09-03 15:30:00,1159.02
ICICIBANK,2026-09-04 09:30:00,1160.39
ICICIBANK,2026-09-04 10:00:00,1170.13
ICICIBANK,2026-09-04 10:30:00,1177.77
ICICIBANK,2026-09-04 11:00:00,1170.16
ICICIBANK,2026-09-04 11:30:00,1159.06
ICICIBANK,2026-09-04 12:00:00,1160.69
ICICIBANK,2026-09-04 12:30:00,1159.68
ICICIBANK,2026-09-04 13:00:00,1167.18
ICICIBANK,2026-09-04 13:30:00,1160.21
ICICIBANK,2026-09-04 14:00:00,1162.28
ICICIBANK,2026-09-04 14:30:00,1173.61
ICICIBANK,2026-09-04 15:00:00,1171.61
ICICIBANK,2026-09-04 15:30:00,1160.23
ICICIBANK,2026-09-07 09:30:00,1153.4
ICICIBANK,2026-09-07 10:00:00,1159.83
ICICIBANK,2026-09-07 10:30:00,1157.95
ICICIBANK,2026-09-07 11:00:00,1158.21
ICICIBANK,2026-09-07 11:30:00,1163.6
ICICIBANK,2026-09-07 12:00:00,1158.67
ICICIBANK,2026-09-07 12:30:00,1157.06
ICICIBANK,2026-09-07 13:00:00,1161.54
ICICIBANK,2026-09-07 13:30:00,1155.56
ICICIBANK,2026-09-07 14:00:00,1154.15
ICICIBANK,2026-09-07 14:30:00,1151.83
ICICIBANK,2026-09-07 15:00:00,1150.83
ICICIBANK,2026-09-07 15:30:00,1141.64
ICICIBANK,2026-09-08 09:30:00,1139.3
ICICIBANK,2026-09-08 10:00:00,1139.09
ICICIBANK,2026-09-08 10:30:00,1136.28
ICICIBANK,2026-09-08 11:00:00,1147.48
ICICIBANK,2026-09-08 11:30:00,1150.39
ICICIBANK,2026-09-08 12:00:00,1152.37
ICICIBANK,2026-09-08 12:30:00,1162.96
ICICIBANK,2026-09-08 13:00:00,1172.17
ICICIBANK,2026-09-08 13:30:00,1166.35
ICICIBANK,2026-09-08 14:00:00,1162.17
ICICIBANK,2026-09-08 14:30:00,1169.06
ICICIBANK,2026-09-08 15:00:00,1158.32
ICICIBANK,2026-09-08 15:30:00,1150.65
ICICIBANK,2026-09-09 09:30:00,1158.42
ICICIBANK,2026-09-09 10:00:00,1158.92
ICICIBANK,2026-09-09 10:30:00,1158.17
ICICIBANK,2026-09-09 11:00:00,1159.34
ICICIBANK,2026-09-09 11:30:00,1149.09
ICICIBANK,2026-09-09 12:00:00,1151.0
ICICIBANK,2026-09-09 12:30:00,1160.31
ICICIBANK,2026-09-09 13:00:00,1161.22
ICICIBANK,2026-09-09 13:30:00,1172.51
ICICIBANK,2026-09-09 14:00:00,1170.26
ICICIBANK,2026-09-09 14:30:00,1166.18
ICICIBANK,2026-09-09 15:00:00,1159.28
ICICIBANK,2026-09-09 15:30:00,1151.17
ICICIBANK,2026-09-10 09:30:00,1141.46
ICICIBANK,2026-09-10 10:00:00,1139.25
ICICIBANK,2026-09-10 10:30:00,1149.86
ICICIBANK,2026-09-10 11:00:00,1154.61
ICICIBANK,2026-09-10 11:30:00,1162.36
ICICIBANK,2026-09-10 12:00:00,1153.82
ICICIBANK,2026-09-10 12:30:00,1156.99
ICICIBANK,2026-09-10 13:00:00,1166.62
ICICIBANK,2026-09-10 13:30:00,1178.04
ICICIBANK,2026-09-10 14:00:00,1188.48
ICICIBANK,2026-09-10 14:30:00,1182.69
ICICIBANK,2026-09-10 15:00:00,1189.76
ICICIBANK,2026-09-10 15:30:00,1180.55
ICICIBANK,2026-09-11 09:30:00,1190.23
ICICIBANK,2026-09-11 10:00:00,1189.64
ICICIBANK,2026-09-11 10:30:00,1182.37
ICICIBANK,2026-09-11 11:00:00,1172.58
ICICIBANK,2026-09-11 11:30:00,1168.71
ICICIBANK,2026-09-11 12:00:00,1167.29
ICICIBANK,2026-09-11 12:30:00,1158.62
ICICIBANK,2026-09-11 13:00:00,1157.49
ICICIBANK,2026-09-11 13:30:00,1158.25
ICICIBANK,2026-09-11 14:00:00,1150.07
ICICIBANK,2026-09-11 14:30:00,1145.82
ICICIBANK,2026-09-11 15:00:00,1149.71
ICICIBANK,2026-09-11 15:30:00,1152.35
ICICIBANK,2026-09-14 09:30:00,1148.15
ICICIBANK,2026-09-14 10:00:00,1159.4
ICICIBANK,2026-09-14 10:30:00,1157.98
ICICIBANK,2026-09-14 11:00:00,1158.31
ICICIBANK,2026-09-14 11:30:00,1159.7
ICICIBANK,2026-09-14 12:00:00,1152.54
ICICIBANK,2026-09-14 12:30:00,1156.89
ICICIBANK,2026-09-14 13:00:00,1159.06
ICICIBANK,2026-09-14 13:30:00,1151.6
ICICIBANK,2026-09-14 14:00:00,1151.99
ICICIBANK,2026-09-14 14:30:00,1144.14
ICICIBANK,2026-09-14 15:00:00,1149.27
ICICIBANK,2026-09-14 15:30:00,1142.28
ICICIBANK,2026-09-15 09:30:00,1147.54
ICICIBANK,2026-09-15 10:00:00,1147.47
ICICIBANK,2026-09-15 10:30:00,1143.52
ICICIBANK,2026-09-15 11:00:00,1153.79
ICICIBANK,2026-09-15 11:30:00,1152.53
ICICIBANK,2026-09-15 12:00:00,1145.61
ICICIBANK,2026-09-15 12:30:00,1144.9
ICICIBANK,2026-09-15 13:00:00,1138.32
ICICIBANK,2026-09-15 13:30:00,1143.21
ICICIBANK,2026-09-15 14:00:00,1137.26
ICICIBANK,2026-09-15 14:30:00,1129.36
ICICIBANK,2026-09-15 15:00:00,1118.25
ICICIBANK,2026-09-15 15:30:00,1114.21
ICICIBANK,2026-09-16 09:30:00,1115.54
ICICIBANK,2026-09-16 10:00:00,1113.67
ICICIBANK,2026-09-16 10:30:00,1116.54
ICICIBANK,2026-09-16 11:00:00,1126.56
ICICIBANK,2026-09-16 11:30:00,1135.39
ICICIBANK,2026-09-16 12:00:00,1142.17
ICICIBANK,2026-09-16 12:30:00,1135.93
ICICIBANK,2026-09-16 13:00:00,1128.5
ICICIBANK,2026-09-16 13:30:00,1128.16
ICICIBANK,2026-09-16 14:00:00,1124.97
ICICIBANK,2026-09-16 14:30:00,1114.43
ICICIBANK,2026-09-16 15:00:00,1111.88
ICICIBANK,2026-09-16 15:30:00,1115.85
WIPRO,2026-09-01 09:30:00,477.24
WIPRO,2026-09-01 10:00:00,481.04
WIPRO,2026-09-01 10:30:00,480.86
WIPRO,2026-09-01 11:00:00,478.25
WIPRO,2026-09-01 11:30:00,474.21
WIPRO,2026-09-01 12:00:00,470.52
WIPRO,2026-09-01 12:30:00,469.53
WIPRO,2026-09-01 13:00:00,467.21
WIPRO,2026-09-01 13:30:00,468.78
WIPRO,2026-09-01 14:00:00,469.59
WIPRO,2026-09-01 14:30:00,465.99
WIPRO,2026-09-01 15:00:00,470.4
WIPRO,2026-09-01 15:30:00,469.14
WIPRO,2026-09-02 09:30:00,471.87
WIPRO,2026-09-02 10:00:00,474.94
WIPRO,2026-09-02 10:30:00,476.71
WIPRO,2026-09-02 11:00:00,472.67
WIPRO,2026-09-02 11:30:00,472.61
WIPRO,2026-09-02 12:00:00,474.88
WIPRO,2026-09-02 12:30:00,473.74
WIPRO,2026-09-02 13:00:00,471.77
WIPRO,2026-09-02 13:30:00,475.84
WIPRO,2026-09-02 14:00:00,477.97
WIPRO,2026-09-02 14:30:00,476.11
WIPRO,2026-09-02 15:00:00,477.91
WIPRO,2026-09-02 15:30:00,473.38
WIPRO,2026-09-03 09:30:00,469.86
WIPRO,2026-09-03 10:00:00,470.72
WIPRO,2026-09-03 10:30:00,473.27
WIPRO,2026-09-03 11:00:00,474.67
WIPRO,2026-09-03 11:30:00,470.67
WIPRO,2026-09-03 12:00:00,470.25
WIPRO,2026-09-03 12:30:00,468.82
WIPRO,2026-09-03 13:00:00,469.62
WIPRO,2026-09-03 13:30:00,471.11
WIPRO,2026-09-03 14:00:00,470.3
WIPRO,2026-09-03 14:30:00,469.33
WIPRO,2026-09-03 15:00:00,465.33
WIPRO,2026-09-03 15:30:00,468.97
WIPRO,2026-09-04 09:30:00,469.08
WIPRO,2026-09-04 10:00:00,468.69
WIPRO,2026-09-04 10:30:00,469.28
WIPRO,2026-09-04 11:00:00,465.54
WIPRO,2026-09-04 11:30:00,461.65
WIPRO,2026-09-04 12:00:00,460.84
WIPRO,2026-09-04 12:30:00,458.23
WIPRO,2026-09-04 13:00:00,454.17
WIPRO,2026-09-04 13:30:00,454.87
WIPRO,2026-09-04 14:00:00,455.85
WIPRO,2026-09-04 14:30:00,455.97
WIPRO,2026-09-04 15:00:00,458.74
WIPRO,2026-09-04 15:30:00,462.92
WIPRO,2026-09-07 09:30:00,461.87
WIPRO,2026-09-07 10:00:00,466.29
WIPRO,2026-09-07 10:30:00,465.73
WIPRO,2026-09-07 11:00:00,465.0
WIPRO,2026-09-07 11:30:00,467.43
WIPRO,2026-09-07 12:00:00,465.44
WIPRO,2026-09-07 12:30:00,468.19
WIPRO,2026-09-07 13:00:00,469.9
WIPRO,2026-09-07 13:30:00,469.3
WIPRO,2026-09-07 14:00:00,473.49
WIPRO,2026-09-07 14:30:00,469.63
WIPRO,2026-09-07 15:00:00,471.75
WIPRO,2026-09-07 15:30:00,468.89
WIPRO,2026-09-08 09:30:00,473.34
WIPRO,2026-09-08 10:00:00,471.32
WIPRO,2026-09-08 10:30:00,468.13
WIPRO,2026-09-08 11:00:00,465.83
WIPRO,2026-09-08 11:30:00,463.2
WIPRO,2026-09-08 12:00:00,461.41
WIPRO,2026-09-08 12:30:00,457.59
WIPRO,2026-09-08 13:00:00,457.71
WIPRO,2026-09-08 13:30:00,458.51
WIPRO,2026-09-08 14:00:00,458.59
WIPRO,2026-09-08 14:30:00,460.77
WIPRO,2026-09-08 15:00:00,459.01
WIPRO,2026-09-08 15:30:00,458.69
WIPRO,2026-09-09 09:30:00,461.35
WIPRO,2026-09-09 10:00:00,458.46
WIPRO,2026-09-09 10:30:00,457.9
WIPRO,2026-09-09 11:00:00,459.23
WIPRO,2026-09-09 11:30:00,458.55
WIPRO,2026-09-09 12:00:00,462.07
WIPRO,2026-09-09 12:30:00,459.97
WIPRO,2026-09-09 13:00:00,459.87
WIPRO,2026-09-09 13:30:00,461.91
WIPRO,2026-09-09 14:00:00,461.61
WIPRO,2026-09-09 14:30:00,461.41
WIPRO,2026-09-09 15:00:00,465.56
WIPRO,2026-09-09 15:30:00,464.94
WIPRO,2026-09-10 09:30:00,467.6
WIPRO,2026-09-10 10:00:00,468.09
WIPRO,2026-09-10 10:30:00,466.36
WIPRO,2026-09-10 11:00:00,464.32
WIPRO,2026-09-10 11:30:00,467.43
WIPRO,2026-09-10 12:00:00,464.1
WIPRO,2026-09-10 12:30:00,466.39
WIPRO,2026-09-10 13:00:00,464.0
WIPRO,2026-09-10 13:30:00,467.81
WIPRO,2026-09-10 14:00:00,467.54
WIPRO,2026-09-10 14:30:00,467.46
WIPRO,2026-09-10 15:00:00,464.32
WIPRO,2026-09-10 15:30:00,462.97
WIPRO,2026-09-11 09:30:00,467.07
WIPRO,2026-09-11 10:00:00,471.01
WIPRO,2026-09-11 10:30:00,473.99
WIPRO,2026-09-11 11:00:00,471.44
WIPRO,2026-09-11 11:30:00,471.75
WIPRO,2026-09-11 12:00:00,467.66
WIPRO,2026-09-11 12:30:00,464.49
WIPRO,2026-09-11 13:00:00,468.63
WIPRO,2026-09-11 13:30:00,469.8
WIPRO,2026-09-11 14:00:00,469.4
WIPRO,2026-09-11 14:30:00,471.72
WIPRO,2026-09-11 15:00:00,472.49
WIPRO,2026-09-11 15:30:00,468.48
WIPRO,2026-09-14 09:30:00,468.65
WIPRO,2026-09-14 10:00:00,464.44
WIPRO,2026-09-14 10:30:00,469.02
WIPRO,2026-09-14 11:00:00,471.74
WIPRO,2026-09-14 11:30:00,473.31
WIPRO,2026-09-14 12:00:00,477.0
WIPRO,2026-09-14 12:30:00,475.25
WIPRO,2026-09-14 13:00:00,478.81
WIPRO,2026-09-14 13:30:00,480.93
WIPRO,2026-09-14 14:00:00,485.22
WIPRO,2026-09-14 14:30:00,486.12
WIPRO,2026-09-14 15:00:00,484.62
WIPRO,2026-09-14 15:30:00,486.7
WIPRO,2026-09-15 09:30:00,485.28
WIPRO,2026-09-15 10:00:00,484.8
WIPRO,2026-09-15 10:30:00,481.89
WIPRO,2026-09-15 11:00:00,479.07
WIPRO,2026-09-15 11:30:00,482.6
WIPRO,2026-09-15 12:00:00,486.5
WIPRO,2026-09-15 12:30:00,485.36
WIPRO,2026-09-15 13:00:00,487.07
WIPRO,2026-09-15 13:30:00,488.67
WIPRO,2026-09-15 14:00:00,487.91
WIPRO,2026-09-15 14:30:00,491.43
WIPRO,2026-09-15 15:00:00,490.47
WIPRO,2026-09-15 15:30:00,488.19
WIPRO,2026-09-16 09:30:00,492.91
WIPRO,2026-09-16 10:00:00,491.52
WIPRO,2026-09-16 10:30:00,487.56
WIPRO,2026-09-16 11:00:00,487.27
WIPRO,2026-09-16 11:30:00,488.36
WIPRO,2026-09-16 12:00:00,487.12
WIPRO,2026-09-16 12:30:00,487.85
WIPRO,2026-09-16 13:00:00,491.98
WIPRO,2026-09-16 13:30:00,487.45
WIPRO,2026-09-16 14:00:00,489.35
WIPRO,2026-09-16 14:30:00,487.5
WIPRO,2026-09-16 15:00:00,485.29
WIPRO,2026-09-16 15:30:00,484.14
ITC,2026-09-01 09:30:00,432.17
ITC,2026-09-01 10:00:00,433.43
ITC,2026-09-01 10:30:00,430.01
ITC,2026-09-01 11:00:00,428.59
ITC,2026-09-01 11:30:00,430.14
ITC,2026-09-01 12:00:00,431.05
ITC,2026-09-01 12:30:00,434.27
ITC,2026-09-01 13:00:00,436.41
ITC,2026-09-01 13:30:00,435.12
ITC,2026-09-01 14:00:00,435.9
ITC,2026-09-01 14:30:00,433.64
ITC,2026-09-01 15:00:00,430.87
ITC,2026-09-01 15:30:00,430.56
ITC,2026-09-02 09:30:00,427.48
ITC,2026-09-02 10:00:00,429.49
ITC,2026-09-02 10:30:00,431.62
ITC,2026-09-02 11:00:00,429.95
ITC,2026-09-02 11:30:00,430.71
ITC,2026-09-02 12:00:00,430.28
ITC,2026-09-02 12:30:00,430.18
ITC,2026-09-02 13:00:00,432.99
ITC,2026-09-02 13:30:00,434.3
ITC,2026-09-02 14:00:00,430.84
ITC,2026-09-02 14:30:00,435.05
ITC,2026-09-02 15:00:00,438.02
ITC,2026-09-02 15:30:00,437.33
ITC,2026-09-03 09:30:00,439.09
ITC,2026-09-03 10:00:00,442.65
ITC,2026-09-03 10:30:00,438.92
ITC,2026-09-03 11:00:00,442.36
ITC,2026-09-03 11:30:00,441.5
ITC,2026-09-03 12:00:00,437.58
ITC,2026-09-03 12:30:00,436.8
ITC,2026-09-03 13:00:00,433.69
ITC,2026-09-03 13:30:00,437.19
ITC,2026-09-03 14:00:00,439.95
ITC,2026-09-03 14:30:00,440.52
ITC,2026-09-03 15:00:00,438.13
ITC,2026-09-03 15:30:00,438.78
ITC,2026-09-04 09:30:00,434.73
ITC,2026-09-04 10:00:00,433.29
ITC,2026-09-04 10:30:00,431.59
ITC,2026-09-04 11:00:00,434.86
ITC,2026-09-04 11:30:00,437.66
ITC,2026-09-04 12:00:00,437.63
ITC,2026-09-04 12:30:00,438.64
ITC,2026-09-04 13:00:00,434.78
ITC,2026-09-04 13:30:00,435.61
ITC,2026-09-04 14:00:00,435.74
ITC,2026-09-04 14:30:00,432.52
ITC,2026-09-04 15:00:00,435.78
ITC,2026-09-04 15:30:00,432.68
ITC,2026-09-07 09:30:00,430.99
ITC,2026-09-07 10:00:00,428.39
ITC,2026-09-07 10:30:00,427.5
ITC,2026-09-07 11:00:00,427.63
ITC,2026-09-07 11:30:00,430.21
ITC,2026-09-07 12:00:00,430.85
ITC,2026-09-07 12:30:00,430.69
ITC,2026-09-07 13:00:00,428.83
ITC,2026-09-07 13:30:00,425.8
ITC,2026-09-07 14:00:00,425.27
ITC,2026-09-07 14:30:00,429.43
ITC,2026-09-07 15:00:00,428.13
ITC,2026-09-07 15:30:00,431.79
ITC,2026-09-08 09:30:00,430.63
ITC,2026-09-08 10:00:00,428.09
ITC,2026-09-08 10:30:00,432.16
ITC,2026-09-08 11:00:00,429.49
ITC,2026-09-08 11:30:00,431.01
ITC,2026-09-08 12:00:00,430.0
ITC,2026-09-08 12:30:00,433.01
ITC,2026-09-08 13:00:00,428.98
ITC,2026-09-08 13:30:00,426.89
ITC,2026-09-08 14:00:00,425.65
ITC,2026-09-08 14:30:00,427.94
ITC,2026-09-08 15:00:00,431.74
ITC,2026-09-08 15:30:00,428.8
ITC,2026-09-09 09:30:00,427.58
ITC,2026-09-09 10:00:00,425.36
ITC,2026-09-09 10:30:00,422.5
ITC,2026-09-09 11:00:00,421.39
ITC,2026-09-09 11:30:00,420.41
ITC,2026-09-09 12:00:00,423.9
ITC,2026-09-09 12:30:00,426.29
ITC,2026-09-09 13:00:00,426.42
ITC,2026-09-09 13:30:00,422.22
ITC,2026-09-09 14:00:00,422.62
ITC,2026-09-09 14:30:00,426.51
ITC,2026-09-09 15:00:00,428.52
ITC,2026-09-09 15:30:00,431.3
ITC,2026-09-10 09:30:00,431.12
ITC,2026-09-10 10:00:00,431.73
ITC,2026-09-10 10:30:00,430.66
ITC,2026-09-10 11:00:00,433.68
ITC,2026-09-10 11:30:00,429.89
ITC,2026-09-10 12:00:00,432.37
ITC,2026-09-10 12:30:00,434.85
ITC,2026-09-10 13:00:00,439.2
ITC,2026-09-10 13:30:00,441.74
ITC,2026-09-10 14:00:00,445.36
ITC,2026-09-10 14:30:00,447.13
ITC,2026-09-10 15:00:00,449.32
ITC,2026-09-10 15:30:00,447.81
ITC,2026-09-11 09:30:00,444.54
ITC,2026-09-11 10:00:00,446.59
ITC,2026-09-11 10:30:00,449.66
ITC,2026-09-11 11:00:00,447.59
ITC,2026-09-11 11:30:00,443.8
ITC,2026-09-11 12:00:00,446.6
ITC,2026-09-11 12:30:00,449.64
ITC,2026-09-11 13:00:00,453.47
ITC,2026-09-11 13:30:00,455.54
ITC,2026-09-11 14:00:00,451.57
ITC,2026-09-11 14:30:00,452.34
ITC,2026-09-11 15:00:00,450.21
ITC,2026-09-11 15:30:00,454.06
ITC,2026-09-14 09:30:00,455.75
ITC,2026-09-14 10:00:00,453.82
ITC,2026-09-14 10:30:00,453.36
ITC,2026-09-14 11:00:00,450.94
ITC,2026-09-14 11:30:00,452.01
ITC,2026-09-14 12:00:00,451.57
ITC,2026-09-14 12:30:00,451.51
ITC,2026-09-14 13:00:00,450.58
ITC,2026-09-14 13:30:00,446.21
ITC,2026-09-14 14:00:00,449.87
ITC,2026-09-14 14:30:00,453.97
ITC,2026-09-14 15:00:00,454.17
ITC,2026-09-14 15:30:00,453.49
ITC,2026-09-15 09:30:00,454.34
ITC,2026-09-15 10:00:00,453.62
ITC,2026-09-15 10:30:00,453.99
ITC,2026-09-15 11:00:00,457.87
ITC,2026-09-15 11:30:00,454.56
ITC,2026-09-15 12:00:00,450.45
ITC,2026-09-15 12:30:00,452.84
ITC,2026-09-15 13:00:00,456.64
ITC,2026-09-15 13:30:00,457.11
ITC,2026-09-15 14:00:00,459.06
ITC,2026-09-15 14:30:00,463.25
ITC,2026-09-15 15:00:00,465.0
ITC,2026-09-15 15:30:00,465.11
ITC,2026-09-16 09:30:00,469.25
ITC,2026-09-16 10:00:00,466.73
ITC,2026-09-16 10:30:00,462.22
ITC,2026-09-16 11:00:00,461.36
ITC,2026-09-16 11:30:00,457.63
ITC,2026-09-16 12:00:00,456.67
ITC,2026-09-16 12:30:00,456.59
ITC,2026-09-16 13:00:00,456.58
ITC,2026-09-16 13:30:00,454.45
ITC,2026-09-16 14:00:00,456.79
ITC,2026-09-16 14:30:00,455.87
ITC,2026-09-16 15:00:00,457.43
ITC,2026-09-16 15:30:00,458.2
SBIN,2026-09-01 09:30:00,779.68
SBIN,2026-09-01 10:00:00,775.23
SBIN,2026-09-01 10:30:00,777.35
SBIN,2026-09-01 11:00:00,772.53
SBIN,2026-09-01 11:30:00,778.5
SBIN,2026-09-01 12:00:00,780.62
SBIN,2026-09-01 12:30:00,782.55
SBIN,2026-09-01 13:00:00,780.5
SBIN,2026-09-01 13:30:00,781.33
SBIN,2026-09-01 14:00:00,777.76
SBIN,2026-09-01 14:30:00,780.5
SBIN,2026-09-01 15:00:00,780.05
SBIN,2026-09-01 15:30:00,785.29
SBIN,2026-09-02 09:30:00,786.54
SBIN,2026-09-02 10:00:00,781.52
SBIN,2026-09-02 10:30:00,779.53
SBIN,2026-09-02 11:00:00,781.28
SBIN,2026-09-02 11:30:00,785.11
SBIN,2026-09-02 12:00:00,790.91
SBIN,2026-09-02 12:30:00,788.55
SBIN,2026-09-02 13:00:00,793.58
SBIN,2026-09-02 13:30:00,797.92
SBIN,2026-09-02 14:00:00,790.11
SBIN,2026-09-02 14:30:00,782.75
SBIN,2026-09-02 15:00:00,779.91
SBIN,2026-09-02 15:30:00,785.54
SBIN,2026-09-03 09:30:00,788.74
SBIN,2026-09-03 10:00:00,791.7
SBIN,2026-09-03 10:30:00,784.94
SBIN,2026-09-03 11:00:00,780.35
SBIN,2026-09-03 11:30:00,781.58
SBIN,2026-09-03 12:00:00,784.93
SBIN,2026-09-03 12:30:00,789.53
SBIN,2026-09-03 13:00:00,794.27
SBIN,2026-09-03 13:30:00,795.11
SBIN,2026-09-03 14:00:00,787.2
SBIN,2026-09-03 14:30:00,779.47
SBIN,2026-09-03 15:00:00,782.9
SBIN,2026-09-03 15:30:00,778.75
SBIN,2026-09-04 09:30:00,772.48
SBIN,2026-09-04 10:00:00,772.84
SBIN,2026-09-04 10:30:00,772.44
SBIN,2026-09-04 11:00:00,767.47
SBIN,2026-09-04 11:30:00,763.22
SBIN,2026-09-04 12:00:00,766.49
SBIN,2026-09-04 12:30:00,765.26
SBIN,2026-09-04 13:00:00,758.2
SBIN,2026-09-04 13:30:00,753.29
SBIN,2026-09-04 14:00:00,747.19
SBIN,2026-09-04 14:30:00,753.01
SBIN,2026-09-04 15:00:00,753.68
SBIN,2026-09-04 15:30:00,756.7
SBIN,2026-09-07 09:30:00,754.68
SBIN,2026-09-07 10:00:00,747.62
SBIN,2026-09-07 10:30:00,746.45
SBIN,2026-09-07 11:00:00,739.48
SBIN,2026-09-07 11:30:00,738.2
SBIN,2026-09-07 12:00:00,731.55
SBIN,2026-09-07 12:30:00,729.17
SBIN,2026-09-07 13:00:00,724.31
SBIN,2026-09-07 13:30:00,726.63
SBIN,2026-09-07 14:00:00,726.94
SBIN,2026-09-07 14:30:00,726.26
SBIN,2026-09-07 15:00:00,731.07
SBIN,2026-09-07 15:30:00,729.79
SBIN,2026-09-08 09:30:00,730.0
SBIN,2026-09-08 10:00:00,734.22
SBIN,2026-09-08 10:30:00,730.67
SBIN,2026-09-08 11:00:00,734.12
SBIN,2026-09-08 11:30:00,730.0
SBIN,2026-09-08 12:00:00,726.61
SBIN,2026-09-08 12:30:00,733.33
SBIN,2026-09-08 13:00:00,736.98
SBIN,2026-09-08 13:30:00,734.67
SBIN,2026-09-08 14:00:00,732.36
SBIN,2026-09-08 14:30:00,730.28
SBIN,2026-09-08 15:00:00,728.13
SBIN,2026-09-08 15:30:00,734.6
SBIN,2026-09-09 09:30:00,732.15
SBIN,2026-09-09 10:00:00,728.88
SBIN,2026-09-09 10:30:00,722.46
SBIN,2026-09-09 11:00:00,720.81
SBIN,2026-09-09 11:30:00,715.8
SBIN,2026-09-09 12:00:00,722.29
SBIN,2026-09-09 12:30:00,720.88
SBIN,2026-09-09 13:00:00,719.14
SBIN,2026-09-09 13:30:00,716.4
SBIN,2026-09-09 14:00:00,713.86
SBIN,2026-09-09 14:30:00,711.65
SBIN,2026-09-09 15:00:00,712.7
SBIN,2026-09-09 15:30:00,709.13
SBIN,2026-09-10 09:30:00,713.77
SBIN,2026-09-10 10:00:00,714.95
SBIN,2026-09-10 10:30:00,710.76
SBIN,2026-09-10 11:00:00,709.72
SBIN,2026-09-10 11:30:00,710.44
SBIN,2026-09-10 12:00:00,715.2
SBIN,2026-09-10 12:30:00,720.51
SBIN,2026-09-10 13:00:00,724.81
SBIN,2026-09-10 13:30:00,723.77
SBIN,2026-09-10 14:00:00,722.79
SBIN,2026-09-10 14:30:00,724.53
SBIN,2026-09-10 15:00:00,723.26
SBIN,2026-09-10 15:30:00,720.34
SBIN,2026-09-11 09:30:00,719.84
SBIN,2026-09-11 10:00:00,721.09
SBIN,2026-09-11 10:30:00,718.57
SBIN,2026-09-11 11:00:00,713.26
SBIN,2026-09-11 11:30:00,715.92
SBIN,2026-09-11 12:00:00,714.57
SBIN,2026-09-11 12:30:00,721.31
SBIN,2026-09-11 13:00:00,717.87
SBIN,2026-09-11 13:30:00,719.22
SBIN,2026-09-11 14:00:00,717.55
SBIN,2026-09-11 14:30:00,723.48
SBIN,2026-09-11 15:00:00,719.92
SBIN,2026-09-11 15:30:00,714.65
SBIN,2026-09-14 09:30:00,720.91
SBIN,2026-09-14 10:00:00,717.88
SBIN,2026-09-14 10:30:00,719.12
SBIN,2026-09-14 11:00:00,718.26
SBIN,2026-09-14 11:30:00,724.8
SBIN,2026-09-14 12:00:00,720.83
SBIN,2026-09-14 12:30:00,725.3
SBIN,2026-09-14 13:00:00,718.85
SBIN,2026-09-14 13:30:00,716.08
SBIN,2026-09-14 14:00:00,723.19
SBIN,2026-09-14 14:30:00,724.56
SBIN,2026-09-14 15:00:00,721.45
SBIN,2026-09-14 15:30:00,720.39
SBIN,2026-09-15 09:30:00,718.1
SBIN,2026-09-15 10:00:00,711.19
SBIN,2026-09-15 10:30:00,712.24
SBIN,2026-09-15 11:00:00,713.99
SBIN,2026-09-15 11:30:00,710.1
SBIN,2026-09-15 12:00:00,715.64
SBIN,2026-09-15 12:30:00,716.85
SBIN,2026-09-15 13:00:00,721.37
SBIN,2026-09-15 13:30:00,721.13
SBIN,2026-09-15 14:00:00,716.22
SBIN,2026-09-15 14:30:00,719.39
SBIN,2026-09-15 15:00:00,717.9
SBIN,2026-09-15 15:30:00,712.06
SBIN,2026-09-16 09:30:00,717.7
SBIN,2026-09-16 10:00:00,723.91
SBIN,2026-09-16 10:30:00,725.98
SBIN,2026-09-16 11:00:00,722.99
SBIN,2026-09-16 11:30:00,728.64
SBIN,2026-09-16 12:00:00,725.6
SBIN,2026-09-16 12:30:00,719.03
SBIN,2026-09-16 13:00:00,712.18
SBIN,2026-09-16 13:30:00,719.09
SBIN,2026-09-16 14:00:00,712.42
SBIN,2026-09-16 14:30:00,705.56
SBIN,2026-09-16 15:00:00,711.39
SBIN,2026-09-16 15:30:00,713.35
LT,2026-09-01 09:30:00,3510.52
LT,2026-09-01 10:00:00,3527.63
LT,2026-09-01 10:30:00,3550.73
LT,2026-09-01 11:00:00,3530.5
LT,2026-09-01 11:30:00,3536.85
LT,2026-09-01 12:00:00,3531.2
LT,2026-09-01 12:30:00,3503.91
LT,2026-09-01 13:00:00,3492.24
LT,2026-09-01 13:30:00,3525.31
LT,2026-09-01 14:00:00,3541.34
LT,2026-09-01 14:30:00,3532.27
LT,2026-09-01 15:00:00,3549.74
LT,2026-09-01 15:30:00,3574.53
LT,2026-09-02 09:30:00,3593.54
LT,2026-09-02 10:00:00,3573.99
LT,2026-09-02 10:30:00,3584.06
LT,2026-09-02 11:00:00,3595.34
LT,2026-09-02 11:30:00,3565.85
LT,2026-09-02 12:00:00,3556.99
LT,2026-09-02 12:30:00,3577.89
LT,2026-09-02 13:00:00,3592.5
LT,2026-09-02 13:30:00,3571.39
LT,2026-09-02 14:00:00,3583.21
LT,2026-09-02 14:30:00,3582.35
LT,2026-09-02 15:00:00,3563.89
LT,2026-09-02 15:30:00,3594.76
LT,2026-09-03 09:30:00,3604.35
LT,2026-09-03 10:00:00,3627.1
LT,2026-09-03 10:30:00,3604.8
LT,2026-09-03 11:00:00,3633.61
LT,2026-09-03 11:30:00,3601.96
LT,2026-09-03 12:00:00,3576.45
LT,2026-09-03 12:30:00,3588.76
LT,2026-09-03 13:00:00,3570.41
LT,2026-09-03 13:30:00,3571.09
LT,2026-09-03 14:00:00,3546.08
LT,2026-09-03 14:30:00,3536.66
LT,2026-09-03 15:00:00,3537.27
LT,2026-09-03 15:30:00,3525.23
LT,2026-09-04 09:30:00,3524.72
LT,2026-09-04 10:00:00,3501.9
LT,2026-09-04 10:30:00,3489.93
LT,2026-09-04 11:00:00,3478.62
LT,2026-09-04 11:30:00,3460.87
LT,2026-09-04 12:00:00,3429.86
LT,2026-09-04 12:30:00,3431.16
LT,2026-09-04 13:00:00,3441.66
LT,2026-09-04 13:30:00,3411.52
LT,2026-09-04 14:00:00,3424.62
LT,2026-09-04 14:30:00,3453.67
LT,2026-09-04 15:00:00,3453.9
LT,2026-09-04 15:30:00,3420.62
LT,2026-09-07 09:30:00,3434.44
LT,2026-09-07 10:00:00,3455.37
LT,2026-09-07 10:30:00,3464.77
LT,2026-09-07 11:00:00,3495.88
LT,2026-09-07 11:30:00,3511.03
LT,2026-09-07 12:00:00,3509.16
LT,2026-09-07 12:30:00,3484.74
LT,2026-09-07 13:00:00,3517.33
LT,2026-09-07 13:30:00,3535.88
LT,2026-09-07 14:00:00,3552.2
LT,2026-09-07 14:30:00,3567.07
LT,2026-09-07 15:00:00,3544.03
LT,2026-09-07 15:30:00,3542.55
LT,2026-09-08 09:30:00,3573.43
LT,2026-09-08 10:00:00,3571.02
LT,2026-09-08 10:30:00,3536.18
LT,2026-09-08 11:00:00,3531.36
LT,2026-09-08 11:30:00,3540.2
LT,2026-09-08 12:00:00,3567.84
LT,2026-09-08 12:30:00,3598.52
LT,2026-09-08 13:00:00,3579.98
LT,2026-09-08 13:30:00,3553.72
LT,2026-09-08 14:00:00,3552.28
LT,2026-09-08 14:30:00,3539.03
LT,2026-09-08 15:00:00,3525.62
LT,2026-09-08 15:30:00,3548.52
LT,2026-09-09 09:30:00,3556.8
LT,2026-09-09 10:00:00,3534.76
LT,2026-09-09 10:30:00,3517.71
LT,2026-09-09 11:00:00,3528.48
LT,2026-09-09 11:30:00,3495.81
LT,2026-09-09 12:00:00,3503.3
LT,2026-09-09 12:30:00,3484.59
LT,2026-09-09 13:00:00,3466.7
LT,2026-09-09 13:30:00,3498.41
LT,2026-09-09 14:00:00,3510.56
LT,2026-09-09 14:30:00,3486.19
LT,2026-09-09 15:00:00,3458.35
LT,2026-09-09 15:30:00,3430.69
LT,2026-09-10 09:30:00,3396.96
LT,2026-09-10 10:00:00,3382.08
LT,2026-09-10 10:30:00,3388.0
LT,2026-09-10 11:00:00,3383.33
LT,2026-09-10 11:30:00,3394.52
LT,2026-09-10 12:00:00,3404.21
LT,2026-09-10 12:30:00,3385.74
LT,2026-09-10 13:00:00,3407.99
LT,2026-09-10 13:30:00,3415.07
LT,2026-09-10 14:00:00,3384.65
LT,2026-09-10 14:30:00,3378.83
LT,2026-09-10 15:00:00,3348.39
LT,2026-09-10 15:30:00,3351.58
LT,2026-09-11 09:30:00,3384.24
LT,2026-09-11 10:00:00,3411.75
LT,2026-09-11 10:30:00,3422.52
LT,2026-09-11 11:00:00,3432.46
LT,2026-09-11 11:30:00,3463.19
LT,2026-09-11 12:00:00,3470.05
LT,2026-09-11 12:30:00,3438.37
LT,2026-09-11 13:00:00,3414.4
LT,2026-09-11 13:30:00,3414.71
LT,2026-09-11 14:00:00,3426.11
LT,2026-09-11 14:30:00,3428.74
LT,2026-09-11 15:00:00,3403.45
LT,2026-09-11 15:30:00,3395.17
LT,2026-09-14 09:30:00,3377.67
LT,2026-09-14 10:00:00,3354.42
LT,2026-09-14 10:30:00,3332.12
LT,2026-09-14 11:00:00,3345.59
LT,2026-09-14 11:30:00,3357.32
LT,2026-09-14 12:00:00,3372.38
LT,2026-09-14 12:30:00,3373.16
LT,2026-09-14 13:00:00,3388.31
LT,2026-09-14 13:30:00,3357.86
LT,2026-09-14 14:00:00,3364.9
LT,2026-09-14 14:30:00,3374.74
LT,2026-09-14 15:00:00,3396.08
LT,2026-09-14 15:30:00,3384.31
LT,2026-09-15 09:30:00,3403.27
LT,2026-09-15 10:00:00,3416.98
LT,2026-09-15 10:30:00,3435.09
LT,2026-09-15 11:00:00,3439.23
LT,2026-09-15 11:30:00,3407.73
LT,2026-09-15 12:00:00,3390.44
LT,2026-09-15 12:30:00,3357.73
LT,2026-09-15 13:00:00,3350.62
LT,2026-09-15 13:30:00,3353.55
LT,2026-09-15 14:00:00,3323.51
LT,2026-09-15 14:30:00,3354.86
LT,2026-09-15 15:00:00,3357.18
LT,2026-09-15 15:30:00,3354.96
LT,2026-09-16 09:30:00,3381.71
LT,2026-09-16 10:00:00,3348.7
LT,2026-09-16 10:30:00,3330.5
LT,2026-09-16 11:00:00,3362.3
LT,2026-09-16 11:30:00,3348.92
LT,2026-09-16 12:00:00,3344.19
LT,2026-09-16 12:30:00,3330.01
LT,2026-09-16 13:00:00,3339.49
LT,2026-09-16 13:30:00,3317.74
LT,2026-09-16 14:00:00,3348.0
LT,2026-09-16 14:30:00,3380.85
LT,2026-09-16 15:00:00,3392.44
LT,2026-09-16 15:30:00,3385.02
TATAMOTORS,2026-09-01 09:30:00,957.3
TATAMOTORS,2026-09-01 10:00:00,961.0
TATAMOTORS,2026-09-01 10:30:00,957.89
TATAMOTORS,2026-09-01 11:00:00,957.57
TATAMOTORS,2026-09-01 11:30:00,956.41
TATAMOTORS,2026-09-01 12:00:00,949.3
TATAMOTORS,2026-09-01 12:30:00,955.35
TATAMOTORS,2026-09-01 13:00:00,951.18
TATAMOTORS,2026-09-01 13:30:00,943.48
TATAMOTORS,2026-09-01 14:00:00,939.04
TATAMOTORS,2026-09-01 14:30:00,932.43
TATAMOTORS,2026-09-01 15:00:00,936.75
TATAMOTORS,2026-09-01 15:30:00,927.87
TATAMOTORS,2026-09-02 09:30:00,921.65
TATAMOTORS,2026-09-02 10:00:00,920.54
TATAMOTORS,2026-09-02 10:30:00,918.91
TATAMOTORS,2026-09-02 11:00:00,921.17
TATAMOTORS,2026-09-02 11:30:00,926.6
TATAMOTORS,2026-09-02 12:00:00,931.31
TATAMOTORS,2026-09-02 12:30:00,938.38
TATAMOTORS,2026-09-02 13:00:00,934.13
TATAMOTORS,2026-09-02 13:30:00,942.97
TATAMOTORS,2026-09-02 14:00:00,945.94
TATAMOTORS,2026-09-02 14:30:00,946.22
TATAMOTORS,2026-09-02 15:00:00,944.11
TATAMOTORS,2026-09-02 15:30:00,946.08
TATAMOTORS,2026-09-03 09:30:00,944.31
TATAMOTORS,2026-09-03 10:00:00,941.15
TATAMOTORS,2026-09-03 10:30:00,943.65
TATAMOTORS,2026-09-03 11:00:00,941.87
TATAMOTORS,2026-09-03 11:30:00,940.84
TATAMOTORS,2026-09-03 12:00:00,937.9
TATAMOTORS,2026-09-03 12:30:00,931.83
TATAMOTORS,2026-09-03 13:00:00,928.7
TATAMOTORS,2026-09-03 13:30:00,925.93
TATAMOTORS,2026-09-03 14:00:00,919.59
TATAMOTORS,2026-09-03 14:30:00,920.81
TATAMOTORS,2026-09-03 15:00:00,921.69
TATAMOTORS,2026-09-03 15:30:00,930.69
TATAMOTORS,2026-09-04 09:30:00,929.04
TATAMOTORS,2026-09-04 10:00:00,926.41
TATAMOTORS,2026-09-04 10:30:00,930.97
TATAMOTORS,2026-09-04 11:00:00,936.6
TATAMOTORS,2026-09-04 11:30:00,943.55
TATAMOTORS,2026-09-04 12:00:00,940.87
TATAMOTORS,2026-09-04 12:30:00,933.64
TATAMOTORS,2026-09-04 13:00:00,942.52
TATAMOTORS,2026-09-04 13:30:00,949.33
TATAMOTORS,2026-09-04 14:00:00,947.51
TATAMOTORS,2026-09-04 14:30:00,938.61
TATAMOTORS,2026-09-04 15:00:00,937.71
TATAMOTORS,2026-09-04 15:30:00,929.02
TATAMOTORS,2026-09-07 09:30:00,929.46
TATAMOTORS,2026-09-07 10:00:00,926.77
TATAMOTORS,2026-09-07 10:30:00,932.12
TATAMOTORS,2026-09-07 11:00:00,934.46
TATAMOTORS,2026-09-07 11:30:00,943.56
TATAMOTORS,2026-09-07 12:00:00,939.12
TATAMOTORS,2026-09-07 12:30:00,936.09
TATAMOTORS,2026-09-07 13:00:00,936.16
TATAMOTORS,2026-09-07 13:30:00,932.05
TATAMOTORS,2026-09-07 14:00:00,931.07
TATAMOTORS,2026-09-07 14:30:00,938.15
TATAMOTORS,2026-09-07 15:00:00,941.65
TATAMOTORS,2026-09-07 15:30:00,941.59
TATAMOTORS,2026-09-08 09:30:00,949.89
TATAMOTORS,2026-09-08 10:00:00,955.53
TATAMOTORS,2026-09-08 10:30:00,955.71
TATAMOTORS,2026-09-08 11:00:00,959.82
TATAMOTORS,2026-09-08 11:30:00,956.07
TATAMOTORS,2026-09-08 12:00:00,960.38
TATAMOTORS,2026-09-08 12:30:00,968.31
TATAMOTORS,2026-09-08 13:00:00,969.18
TATAMOTORS,2026-09-08 13:30:00,963.36
TATAMOTORS,2026-09-08 14:00:00,960.76
TATAMOTORS,2026-09-08 14:30:00,957.14
TATAMOTORS,2026-09-08 15:00:00,953.88
TATAMOTORS,2026-09-08 15:30:00,959.75
TATAMOTORS,2026-09-09 09:30:00,962.15
TATAMOTORS,2026-09-09 10:00:00,970.69
TATAMOTORS,2026-09-09 10:30:00,972.71
TATAMOTORS,2026-09-09 11:00:00,969.33
TATAMOTORS,2026-09-09 11:30:00,967.59
TATAMOTORS,2026-09-09 12:00:00,958.25
TATAMOTORS,2026-09-09 12:30:00,961.89
TATAMOTORS,2026-09-09 13:00:00,953.13
TATAMOTORS,2026-09-09 13:30:00,944.32
TATAMOTORS,2026-09-09 14:00:00,939.17
TATAMOTORS,2026-09-09 14:30:00,935.49
TATAMOTORS,2026-09-09 15:00:00,928.28
TATAMOTORS,2026-09-09 15:30:00,923.83
TATAMOTORS,2026-09-10 09:30:00,926.97
TATAMOTORS,2026-09-10 10:00:00,922.11
TATAMOTORS,2026-09-10 10:30:00,920.18
TATAMOTORS,2026-09-10 11:00:00,918.03
TATAMOTORS,2026-09-10 11:30:00,908.91
TATAMOTORS,2026-09-10 12:00:00,903.17
TATAMOTORS,2026-09-10 12:30:00,909.67
TATAMOTORS,2026-09-10 13:00:00,907.42
TATAMOTORS,2026-09-10 13:30:00,898.54
TATAMOTORS,2026-09-10 14:00:00,907.01
TATAMOTORS,2026-09-10 14:30:00,903.26
TATAMOTORS,2026-09-10 15:00:00,903.11
TATAMOTORS,2026-09-10 15:30:00,901.8
TATAMOTORS,2026-09-11 09:30:00,899.99
TATAMOTORS,2026-09-11 10:00:00,898.7
TATAMOTORS,2026-09-11 10:30:00,895.44
TATAMOTORS,2026-09-11 11:00:00,895.98
TATAMOTORS,2026-09-11 11:30:00,899.23
TATAMOTORS,2026-09-11 12:00:00,895.6
TATAMOTORS,2026-09-11 12:30:00,887.82
TATAMOTORS,2026-09-11 13:00:00,893.37
TATAMOTORS,2026-09-11 13:30:00,890.16
TATAMOTORS,2026-09-11 14:00:00,889.98
TATAMOTORS,2026-09-11 14:30:00,898.28
TATAMOTORS,2026-09-11 15:00:00,889.76
TATAMOTORS,2026-09-11 15:30:00,896.99
TATAMOTORS,2026-09-14 09:30:00,901.45
TATAMOTORS,2026-09-14 10:00:00,896.21
TATAMOTORS,2026-09-14 10:30:00,895.82
TATAMOTORS,2026-09-14 11:00:00,897.14
TATAMOTORS,2026-09-14 11:30:00,902.05
TATAMOTORS,2026-09-14 12:00:00,894.9
TATAMOTORS,2026-09-14 12:30:00,895.71
TATAMOTORS,2026-09-14 13:00:00,891.2
TATAMOTORS,2026-09-14 13:30:00,884.85
TATAMOTORS,2026-09-14 14:00:00,883.31
TATAMOTORS,2026-09-14 14:30:00,880.85
TATAMOTORS,2026-09-14 15:00:00,873.59
TATAMOTORS,2026-09-14 15:30:00,872.39
TATAMOTORS,2026-09-15 09:30:00,878.03
TATAMOTORS,2026-09-15 10:00:00,878.48
TATAMOTORS,2026-09-15 10:30:00,877.73
TATAMOTORS,2026-09-15 11:00:00,873.69
TATAMOTORS,2026-09-15 11:30:00,874.87
TATAMOTORS,2026-09-15 12:00:00,867.4
TATAMOTORS,2026-09-15 12:30:00,874.88
TATAMOTORS,2026-09-15 13:00:00,872.46
TATAMOTORS,2026-09-15 13:30:00,871.21
TATAMOTORS,2026-09-15 14:00:00,863.16
TATAMOTORS,2026-09-15 14:30:00,868.03
TATAMOTORS,2026-09-15 15:00:00,873.82
TATAMOTORS,2026-09-15 15:30:00,877.48
TATAMOTORS,2026-09-16 09:30:00,881.09
TATAMOTORS,2026-09-16 10:00:00,883.58
TATAMOTORS,2026-09-16 10:30:00,887.11
TATAMOTORS,2026-09-16 11:00:00,891.91
TATAMOTORS,2026-09-16 11:30:00,883.32
TATAMOTORS,2026-09-16 12:00:00,877.98
TATAMOTORS,2026-09-16 12:30:00,881.96
TATAMOTORS,2026-09-16 13:00:00,882.82
TATAMOTORS,2026-09-16 13:30:00,888.8
TATAMOTORS,2026-09-16 14:00:00,880.48
TATAMOTORS,2026-09-16 14:30:00,888.8
TATAMOTORS,2026-09-16 15:00:00,893.66
TATAMOTORS,2026-09-16 15:30:00,885.37
